Break Down Problems,"Interpret Graphs, Charts, and Tables",Question Validity of Information,Comfortable with Scientific Instruments,Seek Out New Technologies,Read Manuals/Guides,Root Cause Confidence,Methodical Approach,Quick Thinking,Attention to Detail,Notice Changes,Accurate Recording,Identify Patterns,Double-check Accuracy,Spatial Visualization,Technical Drawing,Design Experiments,Open to Alternative Solutions,Integrate Technological Tools,Stay Updated with Advancements,Creative Solutions,Effective Testing,Understand Needs,Distinguish Similarities,Detailed Notes,Accurate Description,Recommended Field
5,3,2,1,4,3,4,5,4,4,3,3,5,5,2,1,3,4,5,5,4,5,3,2,4,5,Computer Science
4,2,1,3,5,2,5,4,3,5,4,4,4,4,3,1,2,5,4,4,3,5,2,3,3,4,Computer Science
4,5,3,3,5,4,4,5,5,4,3,4,5,5,1,2,4,5,5,4,5,4,2,3,4,5,Computer Science
3,4,4,4,4,3,5,4,4,4,4,3,5,5,2,1,3,4,4,3,4,5,4,2,3,4,Computer Science
5,5,5,2,5,5,4,5,3,5,3,4,4,4,3,2,4,5,5,5,3,4,3,3,4,5,Computer Science
4,3,4,3,4,3,4,5,3,2,2,2,3,3,2,1,5,4,4,4,3,4,1,2,3,3,Computer Science
3,4,3,4,5,4,4,4,3,3,3,2,3,3,2,1,2,3,5,5,2,3,5,3,3,3,Computer Science
5,4,3,4,5,3,4,5,4,5,4,5,5,4,4,3,4,5,4,5,4,5,3,3,4,5,Engineering
4,5,4,5,4,4,5,4,3,4,5,4,4,5,3,3,3,4,5,4,5,4,2,4,5,4,Engineering
5,5,5,4,5,5,4,5,5,5,5,5,5,5,3,2,5,5,5,5,4,5,2,4,5,5,Engineering
4,4,4,3,4,3,5,4,4,4,4,5,5,4,2,3,4,4,4,3,5,5,1,3,4,5,Engineering
3,5,3,5,5,4,4,5,4,5,5,4,4,5,2,4,2,3,5,5,4,4,3,4,5,4,Engineering
5,4,4,4,3,5,4,4,3,3,5,4,3,5,3,4,3,5,4,4,3,3,2,3,4,4,Engineering
4,5,5,5,5,4,5,3,3,4,3,2,2,4,3,3,4,5,5,5,4,4,2,2,4,5,Engineering
4,3,4,3,4,3,4,5,4,5,4,5,4,5,1,1,3,5,4,5,3,4,5,4,5,4,Health
3,4,5,4,3,4,5,4,4,4,3,4,5,4,1,1,4,4,3,4,4,5,4,5,4,5,Health
4,5,5,3,5,4,4,5,5,5,4,5,5,5,2,2,3,5,5,5,3,5,5,4,5,4,Health
5,3,4,5,4,3,5,4,4,4,3,4,4,4,3,1,4,4,4,4,4,4,4,5,4,5,Health
3,4,3,4,5,5,4,5,4,5,4,5,4,5,3,1,2,3,5,3,3,5,5,4,5,4,Health
4,5,4,3,4,3,3,2,5,3,3,4,4,4,2,1,3,4,3,4,2,3,5,5,4,4,Health
2,2,4,4,3,4,2,3,3,4,4,5,5,4,2,1,4,1,4,5,3,4,5,4,5,5,Health
1,3,3,3,4,3,3,5,4,5,4,5,3,5,4,5,2,5,4,5,5,3,4,4,5,4,Architecture
3,4,5,4,3,4,4,4,3,4,3,4,4,4,5,4,4,4,3,4,5,4,3,5,4,5,Architecture
4,5,5,3,5,4,3,5,4,5,4,5,3,5,4,5,3,5,5,5,4,3,4,4,5,4,Architecture
5,3,4,5,4,3,4,4,3,4,3,4,4,4,5,4,4,4,4,4,4,4,3,5,4,5,Architecture
3,4,3,4,5,5,3,5,4,5,4,5,3,5,4,5,2,3,5,3,5,3,4,4,5,4,Architecture
4,5,4,3,4,3,2,4,3,4,3,4,4,4,4,4,3,4,3,4,5,4,3,5,4,5,Architecture
3,4,5,4,3,4,2,5,4,5,4,5,3,5,5,4,4,5,4,5,5,5,3,4,5,4,Architecture